,Absolute_Magnitude_Bin,Average_Absolute_Magnitude,Average_Comoving_Volume,Average_Weight,Number_Density,Number_Density_Error,Number_Of_Gals,Log10Phi,Log10Err
0,-23.5,-23.14016305832645,331360.1997577551,7.6818181818181825,2.3182682130907903e-05,8.364339817060572e-06,1,-4.634836319568825,0.15669397556333564
1,-22.5,-22.876649651924282,331360.1997577551,1.545193829113924,4.663184746519216e-06,3.7513806951870835e-06,1,-5.331317378282489,0.34937580730727785
2,-21.5,-21.27377078642001,331360.1997577551,1.735334281331607,0.0001309250690487454,1.9877475833575985e-05,25,-3.8829771883832747,0.06593602074384404
3,-20.5,-20.405689428139873,331360.1997577551,1.5983837341187246,0.0006222578989632862,4.333462447532005e-05,129,-3.2060295817352076,0.030244675586016935
4,-19.5,-19.474237998565467,331360.19975775515,1.6618691698474126,0.0011033649111562443,5.770446416611911e-05,220,-2.9572808314472727,0.022713002847142998
5,-18.5,-18.761343836649786,331360.19975775515,1.8981571831553095,0.0006473069543456238,4.419823887371088e-05,113,-3.188889727111985,0.02965370775615891
6,-17.5,,,,0.0,0.0,0,-inf,
7,-16.5,,,,0.0,0.0,0,-inf,
8,-15.5,,,,0.0,0.0,0,-inf,
