,Absolute_Magnitude_Bin,Average_Absolute_Magnitude,Average_Comoving_Volume,Average_Weight,Number_Density,Number_Density_Error,Number_Of_Gals,Log10Phi,Log10Err
0,-23.5,,,,0.0,0.0,0,-inf,
1,-22.5,-22.47175269528221,54711.3412620416,5.625,0.0002056326334113084,6.130788755166632e-05,2,-3.6869079627029024,0.12948176959625277
2,-21.5,-21.285152056577218,53433.259223540146,1.352433785489569,0.00045143876295831103,9.153917495155775e-05,18,-3.3454011527989658,0.08806279349810539
3,-20.5,-20.382513960807447,55684.948180959844,1.2136931419404813,0.0014816893377093655,0.00016310349793477455,68,-2.8292428443065116,0.04780688321730053
4,-19.5,-19.482170707478097,56317.24462771738,1.1911692361275878,0.002834166374604699,0.00022433052336096287,134,-2.547574658869119,0.0343753667008075
5,-18.5,-18.4734704465744,56533.722175396215,1.207250979105528,0.005530786103611677,0.0003127795220309943,259,-2.257213137014003,0.024560418343007897
6,-17.5,-17.461938859953026,56573.071363551164,1.2634403057878762,0.007414501477855166,0.00036202249600315054,332,-2.129918043920149,0.021204982264632508
7,-16.5,-16.500313111899974,56496.56655571332,1.833246871258423,0.010117067128515227,0.0004239719261688499,311,-1.9949453683763687,0.01819980688850554
8,-15.5,-15.602682069455495,50077.303400665194,2.8783411853723844,0.013626829904206841,0.0005576640176071139,224,-1.8656051650926404,0.017773055604664075
