,Absolute_Magnitude_Bin,Average_Absolute_Magnitude,Average_Comoving_Volume,Average_Weight,Number_Density,Number_Density_Error,Number_Of_Gals,Log10Phi,Log10Err
0,-23.5,-23.209964724937027,331360.1997577551,1.1818181818181819,7.133132963356278e-06,4.639700937817996e-06,2,-5.146719680547699,0.282484081724954
1,-22.5,-22.319502858135387,331360.19975775515,1.1830321148008107,4.998321952763044e-05,1.2281797755996712e-05,14,-4.3011757734586284,0.10671415414392331
2,-21.5,-21.35791541730085,331360.1997577551,1.1908012052071384,0.0008624822457816152,5.1018173954385454e-05,240,-3.064249836125338,0.025689701479118962
3,-20.5,-20.42050299959249,331360.19975775515,1.2090698290614295,0.0031598679404848855,9.765270877872413e-05,866,-2.500331067355376,0.013421457277419401
4,-19.5,-19.479477775889052,331360.19975775515,1.2479513413532775,0.00538182457669193,0.00012744259238529922,1429,-2.2690704623909803,0.010284172931255517
5,-18.5,-18.5103881659281,331357.6986732585,1.6189884968422152,0.00811112851654263,0.00015646079943658323,1660,-2.090918717378146,0.008377386906260392
6,-17.5,-17.62042925557876,312464.002500853,3.7411668448811977,0.010289899449870446,0.00019368379321012052,811,-1.9875888690256893,0.008174599084766072
7,-16.5,-16.668955211743583,147831.0591949198,6.428791124177374,0.007731414121203305,0.0003105030101627275,125,-2.1117410637962237,0.017441795487089243
8,-15.5,-15.899596911719003,60499.86310394164,7.424929761222409,0.0006446434950375297,0.000147194430305173,3,-3.1906803953525102,0.09916446740024545
