,Absolute_Magnitude_Bin,Average_Absolute_Magnitude,Average_Comoving_Volume,Average_Weight,Number_Density,Number_Density_Error,Number_Of_Gals,Log10Phi,Log10Err
0,-23.5,-23.06353761250129,727662.7017839621,1.218045112781955,1.6739144521160078e-06,1.5167065844754603e-06,1,-5.776266741040082,0.39350714695805183
1,-22.5,-22.262590636160123,727662.7017839622,1.193207771082859,5.083322370774825e-05,8.35812320883624e-06,31,-4.293852347623835,0.07140776295310568
2,-21.5,-21.375807225382903,727662.7017839622,1.2139055373789744,0.0005955565343418641,2.8608589074923302e-05,357,-3.2250770059909035,0.020862087230739453
3,-20.5,-20.45599717406527,727662.7017839622,1.2586167600713032,0.0019424200499694021,5.166619976881329e-05,1123,-2.7116568477248255,0.011551747244814599
4,-19.5,-19.501654438746385,727662.7017839623,1.6071910779789418,0.003381524893818589,6.816967714369037e-05,1531,-2.470887411075175,0.008755137266843741
5,-18.5,-18.6412168907346,686504.4604095336,4.979919006552637,0.005289906272053111,9.822093894792297e-05,644,-2.2765520228401916,0.008063812400192723
6,-17.5,-17.82104142913253,277097.5563627663,12.185945337765883,0.0022886816073530774,0.00011077962566942276,42,-2.6404146205134946,0.021021263936830334
7,-16.5,-16.82064194679206,104375.1454766893,14.521812080536913,0.0008199331694339112,0.00019606013903877785,2,-3.0862215443588235,0.10384728863269713
8,-15.5,,,,0.0,0.0,0,-inf,
